Model,RMSE,R2_Train,R2_Test
Ridge Regression,24883.296809338197,0.923134761565307,0.9192761241990662
Lasso Regression,31470.637477220782,0.8550232754930407,0.8708788913964776
Random Forest,29522.125314255998,0.9811889974108597,0.8863730355752035
XG Boost,26821.944862344455,0.994764454860734,0.9062078056700443
